worn,platform RMS,platform kur,platform fft total,platform rsf1,platform rsf2
0,0.21472711,3.044750731,2.981056674,0.375710882,0.074191064
0,0.215025378,3.000244914,3.120700346,0.380911199,0.079823294
0,0.206419703,2.952290019,3.637801969,0.378748846,0.080121781
0,0.212539716,2.995625181,3.917244196,0.379066214,0.085554169
0,0.221133986,3.005531381,4.92920841,0.359307227,0.069527485
0,0.231920823,2.97029106,5.19633937,0.358980525,0.094454217
0,0.217322593,3.013481547,4.489834282,0.315587348,0.113051578
0,0.221986096,3.043114205,4.801302343,0.321522885,0.118813282
0,0.216163465,3.118198513,3.119413279,0.31738592,0.117651258
0,0.21436377,3.151421747,3.147431891,0.312570588,0.112504684
0,0.222450295,3.237130467,3.036835189,0.316444373,0.115199138
0,0.219121107,3.178725451,3.068691997,0.317039605,0.103693369
0,0.209073876,3.165190698,3.076949804,0.327338905,0.099893149
0,0.207333205,3.074045835,3.235174542,0.315672707,0.100759067
0,0.198398481,3.103852476,3.63198185,0.315841506,0.09786796
0,0.202931871,3.1133502,3.934026398,0.31225926,0.09907415
0,0.217855963,3.135048536,5.174367916,0.315609388,0.106063596
0,0.226054701,3.101927084,5.489052565,0.309479127,0.106028336
0,0.218522772,3.01693474,4.687615945,0.345330255,0.120469598
0,0.224148046,3.046208216,4.896224523,0.350306079,0.106123946
0,0.208834408,3.009823276,3.617717054,0.355136803,0.096454409
0,0.209475686,3.038658963,3.834456171,0.346076908,0.086828265
0,0.222634271,3.176732838,3.269913523,0.342995032,0.097082397
0,0.218053748,3.134426697,3.411145031,0.339296428,0.086466759
0,0.224391155,3.181872269,3.178505223,0.339239477,0.092130058
0,0.221391453,3.138479117,3.169755345,0.342930082,0.085231013
0,0.210476444,3.188068024,3.21873034,0.338134914,0.095791771
0,0.209356353,3.12752768,3.260672659,0.329863215,0.088466487
0,0.197307088,3.129062008,3.74890987,0.320648727,0.082806849
0,0.202563456,3.043948004,4.078190072,0.323729312,0.082558687
0,0.218584966,3.0991015,5.284704696,0.327267371,0.084107158
0,0.225529449,3.068609299,5.602856459,0.318019429,0.089076233
0,0.220964064,2.95676644,4.817811962,0.339044096,0.109144709
0,0.224223135,2.983059713,4.987934896,0.336424624,0.118775124
0,0.206919778,2.949727546,3.791228277,0.335657184,0.09794475
0,0.208254796,2.978239471,3.852175757,0.329731247,0.096731756
0,0.221172647,3.162929882,3.28279267,0.314296257,0.116402681
0,0.218473979,3.060290751,3.420457339,0.31512244,0.113459503
0,0.225023908,3.212301537,3.177924637,0.321074139,0.107819971
0,0.223750911,3.13748787,3.248655151,0.319307778,0.10365867
0,0.209611011,3.143368705,3.168339482,0.312866514,0.091823991
0,0.208981035,3.017877698,3.342534452,0.309630523,0.106572134
0,0.198979169,3.079520609,3.866444487,0.318030719,0.096971315
0,0.201327415,3.079125039,4.217441201,0.298318728,0.107827613
0,0.219929577,3.138289773,5.435478799,0.320548382,0.094286242
0,0.226029149,3.087817605,5.834992029,0.306413753,0.104484744
0,0.219373698,3.044511367,4.877768263,0.346300265,0.109660109
0,0.223395619,3.024366868,5.058535993,0.339188738,0.103610497
0,0.205641776,3.027735972,3.840866197,0.334951033,0.10374783
0,0.206009276,3.001614042,3.924598461,0.319315355,0.112064046
0,0.22385907,3.145975137,3.503934924,0.355174789,0.087408098
0,0.221357608,3.090542593,3.507071364,0.353965554,0.088404403
0,0.228446152,3.132392147,3.330684146,0.348669173,0.089919416
0,0.225554156,3.088355571,3.333580411,0.355169657,0.085194921
0,0.213682753,3.158667335,3.352386631,0.35299793,0.092680035
0,0.210654848,3.116252615,3.47534117,0.343598737,0.079888019
0,0.201168954,3.036722564,3.921280316,0.346629307,0.086494874
0,0.204315651,3.054512298,4.254578909,0.336703957,0.078170933
0,0.221621837,3.103225928,5.625835394,0.327755837,0.098341128
0,0.22716115,3.085529394,5.834498177,0.319339662,0.100026994
10,0.473816696,2.827163409,7.891250909,0.564242809,0.35627095
10,0.477660743,2.854815559,8.445841777,0.560715748,0.337483323
10,0.468819575,2.850499934,5.770612998,0.512486606,0.300515202
10,0.47170143,2.813379944,6.543383114,0.575053774,0.325002051
10,0.48432075,2.947841028,4.858442776,0.5108779,0.286816452
10,0.484686789,2.909102502,4.980397903,0.522679568,0.271756287
10,0.487542809,3.020212442,4.583813634,0.518377136,0.27199248
10,0.490896314,3.055213731,4.577253677,0.532006182,0.256306647
10,0.47613332,3.056594411,4.912116406,0.525106729,0.272822507
10,0.475982368,2.980613219,5.130909868,0.536532997,0.270655845
10,0.46364881,2.96193303,6.153721986,0.54039093,0.293113689
10,0.468888537,2.963525622,6.558549369,0.506968931,0.265675383
10,0.462727984,2.915906904,8.366648023,0.533208795,0.263573033
10,0.470826805,2.946686297,8.581040325,0.505818651,0.244321263
10,0.472111407,2.818861778,7.734025425,0.469381543,0.307448191
10,0.477670439,2.817108066,8.242731922,0.48153751,0.302047551
10,0.467802855,2.781756279,6.757380313,0.555421386,0.340878931
10,0.470719253,2.773987382,6.615768409,0.534846257,0.298707054
10,0.480773459,2.893962233,5.947534524,0.560081731,0.363944565
10,0.479276893,2.850440395,6.198280533,0.58536312,0.364103785
10,0.490983336,3.037824435,6.242914831,0.662342618,0.421504705
10,0.487164508,2.954292922,5.994673127,0.62243791,0.392770254
10,0.470764718,2.970535189,6.445203805,0.684215083,0.421577914
10,0.473949415,2.956821039,6.581422033,0.673791708,0.3978252
10,0.459955752,2.90149934,9.797602679,0.67043589,0.381624403
10,0.470949533,2.911500985,9.95536134,0.591771445,0.331486222
10,0.47318252,2.843744601,7.931240142,0.491829901,0.312219488
10,0.473225897,2.847373713,8.331071459,0.513510499,0.311311955
10,0.465907101,2.813462224,5.873364342,0.458769777,0.300449326
10,0.4711681,2.795785824,6.325045794,0.476148164,0.299566784
10,0.480419813,2.918490092,5.14129044,0.487004062,0.316242177
10,0.480197475,2.863586237,5.275054761,0.492860227,0.303470349
10,0.484140046,3.063078778,5.148964005,0.51656477,0.310165131
10,0.483935272,2.993052611,5.029541893,0.507079203,0.292214397
10,0.46496837,2.931111441,7.086186221,0.624471513,0.367742964
10,0.466367468,2.967245646,7.560836464,0.644383854,0.342003535
10,0.458868622,2.908719552,9.536389265,0.620541682,0.386984701
10,0.469295484,2.883372111,9.840659168,0.622724587,0.33288754
10,0.473354561,2.801740464,8.472117408,0.571430467,0.352780329
10,0.478273546,2.815258654,8.939152389,0.556799152,0.316010996
10,0.470672652,2.790624447,6.372021445,0.533603103,0.326026119
10,0.471849376,2.754674483,6.540058922,0.524346734,0.301356586
10,0.483652608,2.920693497,5.428348952,0.545266436,0.325097202
10,0.479197218,2.899357937,5.883196849,0.566379104,0.324955397
10,0.484929159,3.035678423,5.706981894,0.603937611,0.371389855
10,0.483181782,2.977332707,5.830790127,0.621274428,0.368685588
10,0.475548361,3.010777234,6.308174782,0.672237918,0.409018105
10,0.477283629,3.042226161,6.259396586,0.60515362,0.345191228
10,0.459119244,2.995226318,7.194048674,0.623462501,0.372918336
10,0.465675449,2.924248317,7.664290408,0.61398412,0.342526648
10,0.459318907,2.911909424,9.954806533,0.686567118,0.384731552
10,0.467540109,2.9023512,9.806431997,0.627905622,0.343468303
10,0.482258081,2.8328451,8.035257936,0.526126505,0.331591057
10,0.483850185,2.852621739,8.182823748,0.506056553,0.299866076
10,0.472282044,2.826943284,6.278309501,0.51694953,0.317611446
10,0.472385708,2.819365535,6.573195988,0.493391355,0.279601384
10,0.478220153,2.90808347,5.879853758,0.574972779,0.369822863
10,0.473974993,2.938077378,5.999635471,0.567703306,0.342570188
10,0.483970725,2.994888648,6.000828896,0.646088634,0.372847288
10,0.485374779,3.025325159,5.865947854,0.628161799,0.363243057
5,0.309293456,3.94818846,4.402444357,0.362478947,0.400693198
5,0.308447289,4.180661237,4.193399372,0.352906412,0.40430722
5,0.31014489,4.083557742,3.707252103,0.347397635,0.400478602
5,0.298859201,4.151630742,3.503114393,0.333038168,0.403056881
5,0.338100525,4.30664017,3.286903723,0.333827869,0.388832805
5,0.325939128,4.332747743,3.148173186,0.325576472,0.395568779
5,0.278483852,3.922347718,3.244849693,0.287347802,0.406282443
5,0.288092107,4.064581958,3.330724891,0.322407538,0.401774541
5,0.306264372,4.116803171,2.824765555,0.289290628,0.394161112
5,0.314771755,4.242874529,3.009110795,0.321328475,0.39347908
5,0.263536082,3.911803138,3.844128497,0.287760594,0.427962148
5,0.280145904,4.001665932,4.005754499,0.292504994,0.429658108
5,0.310769817,4.342618527,4.608003409,0.261590825,0.439667296
5,0.303987208,4.22440008,4.783589652,0.280692339,0.450175543
5,0.310282051,4.130355551,4.35595184,0.366832318,0.3590173
5,0.317866822,4.251417444,4.224519521,0.371653508,0.35388901
5,0.306582358,4.202894448,3.704948539,0.349127712,0.366695508
5,0.297625413,4.190608951,3.608568206,0.342391262,0.371514218
5,0.328593198,4.332089988,3.169060295,0.320783218,0.3682184
5,0.319890805,4.1574516,3.215533815,0.314896058,0.379975486
5,0.310563241,4.116841135,2.973301947,0.320032581,0.379409915
5,0.319093363,4.191672978,3.08032049,0.317998349,0.382485843
5,0.270000378,4.026857574,3.267463564,0.314092706,0.398110155
5,0.289927503,4.130254129,3.461784848,0.317429848,0.394263859
5,0.273830984,3.947681848,4.058932634,0.292516853,0.413920401
5,0.26847169,4.016404969,4.038439057,0.304920351,0.386479504
5,0.307616245,4.405678473,4.798069632,0.267976204,0.408370115
5,0.309915628,4.399495921,4.986419004,0.272166311,0.43577293
5,0.318855317,4.314202784,4.479589483,0.388381664,0.368728796
5,0.3137084,4.10835091,4.203442404,0.393879218,0.382054134
5,0.309688345,4.139463172,3.747574132,0.364586638,0.386966883
5,0.303694993,4.130541882,3.844010002,0.398260445,0.363348141
5,0.336254407,4.180144602,3.413052839,0.32720621,0.394749651
5,0.329399344,4.15803317,3.370598915,0.354168531,0.386764184
5,0.317796714,4.06365353,3.02729509,0.3109482,0.389746669
5,0.315343521,4.208065118,3.136508905,0.334536201,0.395238425
5,0.266673865,3.866210674,3.32219716,0.289370482,0.421704302
5,0.279943095,4.048736898,3.37673657,0.322369117,0.402306154
5,0.260022621,3.906830205,3.937902477,0.275587802,0.436533408
5,0.26923139,3.926817096,4.138937855,0.30917666,0.422144623
5,0.309903179,4.290365492,5.052340031,0.261674344,0.438164464
5,0.296058911,4.242102722,5.205141271,0.265386035,0.45274824
5,0.322629654,4.228366272,3.442488207,0.33690154,0.400818851
5,0.330029025,4.131011636,3.551229275,0.356295305,0.380248878
5,0.270896939,3.978929556,3.375360306,0.315488622,0.394393034
5,0.27559729,4.122737524,3.396624866,0.330436296,0.398606353
5,0.321438208,4.150876561,3.166072099,0.317447761,0.398887073
5,0.324809542,4.383506845,3.232666943,0.33276776,0.385660789
5,0.268267365,4.02145317,4.134709549,0.294950253,0.413114125
5,0.269606205,4.157992318,4.147985059,0.296588563,0.413122282
5,0.289302791,4.163874003,4.964633739,0.269716109,0.443881816
5,0.277095009,4.355161316,4.890157288,0.274626421,0.440622032
5,0.303341845,4.102157715,4.215295926,0.394191643,0.382794669
5,0.314666738,4.273416987,4.243781203,0.395094267,0.375006712
5,0.299414455,4.153454415,3.624468731,0.360966144,0.389653356
5,0.296587953,4.049787226,3.696190564,0.386932384,0.370691731
5,0.336110908,4.217942785,3.366074463,0.328549531,0.389337024
5,0.303325828,4.333375395,3.376617789,0.3288759,0.399112208
5,0.285560098,4.028734556,3.477949026,0.31444389,0.408252097
5,0.301711038,4.434584275,3.503386241,0.321128648,0.405666599
10,0.301583586,2.947006958,3.641876832,0.106922254,0.666528157
10,0.289625766,2.883062193,3.462485626,0.115929544,0.600949473
10,0.297856269,2.963578179,3.395136957,0.102191505,0.650882975
10,0.288272383,2.885237327,3.333359273,0.112424226,0.647811168
10,0.282160241,2.87739139,3.425572019,0.099460102,0.576557576
10,0.279665565,2.841892882,3.474562278,0.119561004,0.58538021
10,0.28137602,2.887528812,3.960901946,0.089507901,0.619057205
10,0.27772345,2.904061265,4.115818,0.113993174,0.615645683
10,0.314227066,2.738385164,3.984508134,0.106857052,0.683103665
10,0.3059381,2.788958653,3.786412403,0.107248781,0.643901328
10,0.307461111,2.774238368,3.571705371,0.102047819,0.710644234
10,0.299751798,2.801295999,3.521046084,0.117165518,0.639660802
10,0.307564358,2.844606201,3.469663623,0.100355495,0.664580474
10,0.297078287,2.801762873,3.376302016,0.098036823,0.670688945
10,0.297385854,2.819686801,3.586851912,0.09194674,0.676430366
10,0.292326949,2.864034687,3.55730257,0.093486891,0.659846111
10,0.290354837,2.803056757,4.135824633,0.080513312,0.634749123
10,0.283258667,2.848276282,4.078076792,0.084261294,0.594594957
10,0.293589534,2.95907174,4.768116858,0.078259106,0.554429511
10,0.293431358,3.009726725,5.035804933,0.085645173,0.651267694
10,0.320454104,2.697757377,4.56896825,0.094266161,0.706519302
10,0.311698772,2.773760243,4.385749382,0.094312647,0.688679549
10,0.314569525,2.755404982,4.033474426,0.102559648,0.674132291
10,0.308576672,2.723864077,3.862735814,0.112658533,0.656037718
10,0.324264716,2.900029243,3.736240511,0.094313726,0.679489009
10,0.312405673,2.822073678,3.564911237,0.093336408,0.66855901
10,0.316869704,2.869001151,3.43926426,0.084038525,0.640528137
10,0.310335157,2.797934352,3.306827572,0.092563493,0.629659563
10,0.305548539,2.832765193,3.43846202,0.085208323,0.614564535
10,0.300109482,2.908975592,3.60563352,0.102312974,0.644825615
10,0.294426156,2.823167449,4.11631135,0.087855546,0.622990389
10,0.291396799,2.900092184,4.283597502,0.100156062,0.622127589
10,0.297133714,2.968376579,4.877609574,0.09375891,0.599681725
10,0.2970726,2.93921216,4.999939339,0.100291888,0.592576828
10,0.316796556,2.730950799,4.645157948,0.118835922,0.746841598
10,0.313295796,2.703825825,4.498677842,0.12330796,0.741444551
10,0.311990878,2.768558407,4.123281581,0.113189574,0.720087929
10,0.305065898,2.672246141,3.978104953,0.123589939,0.720020153
10,0.305332157,2.824577368,3.659524774,0.110585861,0.693575834
10,0.29599153,2.771045438,3.52796586,0.119348173,0.685200451
10,0.30486759,2.83788282,3.532582197,0.104678163,0.693156134
10,0.297321409,2.761395843,3.447532974,0.12095101,0.691867626
10,0.294900048,2.807895013,3.463562757,0.06364426,0.625222348
10,0.290317632,2.827982104,3.579859815,0.080260438,0.637796411
10,0.290176772,2.865992602,3.992748675,0.071068244,0.628267807
10,0.285047292,2.890302422,4.092584221,0.070518232,0.594124454
10,0.29020728,2.972416163,4.798489064,0.076546392,0.580039056
10,0.289670541,2.928226271,5.104525987,0.087657052,0.616429472
10,0.312927616,2.726660563,4.548858184,0.124712256,0.755386564
10,0.31087184,2.69666194,4.438251201,0.114718469,0.755044962
10,0.306923546,2.733898876,3.974947878,0.106604681,0.729554295
10,0.297155888,2.714536131,3.811920872,0.123134062,0.657414608
10,0.304514573,2.871584806,3.435619133,0.097232493,0.710473153
10,0.296548586,2.76302451,3.391504033,0.101491047,0.694505491
10,0.292025252,2.806382776,3.503876444,0.097830734,0.654960174
10,0.287690182,2.763051404,3.536895082,0.10959324,0.659848119
10,0.281310165,2.828937391,4.010183828,0.089853709,0.655659075
10,0.277477,2.793122699,4.133861191,0.094187015,0.649782839
10,0.293280657,2.916259266,4.815920779,0.084374955,0.664777159
10,0.291731427,2.90956392,4.991587211,0.097485547,0.649768031
0,0.147421306,3.938888322,2.433610585,0.055103774,0.172467207
0,0.148230613,4.069397292,2.389806611,0.05588879,0.15824563
0,0.144218856,3.983960652,2.088825138,0.057499689,0.191934037
0,0.141073071,3.953254259,2.032320023,0.062174156,0.1869197
0,0.14638012,4.07544565,1.703122649,0.071928758,0.190132947
0,0.142731309,4.026275058,1.652907514,0.075632512,0.178611812
0,0.143708666,4.03924241,1.780766165,0.073801557,0.160992756
0,0.141189921,3.910658357,1.744259831,0.075186242,0.172109899
0,0.142107571,4.015740898,2.068759279,0.081474615,0.129364936
0,0.142124017,3.948736831,2.24110545,0.085597104,0.141890153
0,0.144135761,3.969117452,1.662576589,0.078169372,0.129705017
0,0.141158478,4.023229942,1.77482634,0.079869669,0.134795199
0,0.153175297,3.997512943,2.753961818,0.085338392,0.115543337
0,0.158104179,3.993917309,2.851445348,0.080288253,0.112903845
0,0.152803498,3.936963858,2.4625194,0.043390525,0.110616794
0,0.152056196,3.950008934,2.396767899,0.044434716,0.107310832
0,0.144524476,4.007343451,1.963972231,0.042539137,0.115770493
0,0.139938718,3.977000096,1.919020041,0.043163197,0.107182452
0,0.147500104,4.12571316,1.655674121,0.038369262,0.105047699
0,0.139761888,3.963840804,1.590982347,0.041736883,0.102626432
0,0.146489734,4.18151171,1.446265796,0.038151348,0.104200525
0,0.143475802,4.052759328,1.443038055,0.03988109,0.101496353
0,0.140018553,4.012770655,2.018195732,0.043856652,0.107990929
0,0.141838554,3.95274871,2.166989673,0.044652779,0.111960208
0,0.152112874,3.914285,2.814935662,0.04574067,0.120191782
0,0.157107634,3.964038674,2.869338392,0.047791002,0.112547774
0,0.151384984,3.882938132,2.410881503,0.039103839,0.134452719
0,0.150139177,3.922160587,2.454674387,0.044221786,0.122859208
0,0.141479106,3.923724535,2.041096523,0.041596201,0.139052352
0,0.14025577,3.948096161,1.990155996,0.046173325,0.129859752
0,0.145703449,4.109146821,1.751684748,0.042428651,0.137320763
0,0.141094747,4.007003408,1.636381216,0.039713536,0.116222195
0,0.144322469,4.153581621,1.601979968,0.038814553,0.127975704
0,0.140671896,4.072053024,1.553957623,0.039633865,0.122008798
0,0.140841704,3.977632868,1.594047031,0.041848561,0.118415372
0,0.13849636,4.060188699,1.672859711,0.044745913,0.116980024
0,0.139753722,4.085273453,2.077746613,0.045760746,0.127568673
0,0.140818589,4.078674172,2.178272896,0.043922355,0.110476673
0,0.153602735,4.084980981,2.715617019,0.044810204,0.117935073
0,0.157274184,4.034219664,2.796172534,0.04642777,0.110777066
0,0.153646394,3.961392924,2.499646694,0.042058834,0.161175304
0,0.153829101,3.921192363,2.549553819,0.047613839,0.149140475
0,0.144919251,3.92493483,2.131677777,0.046042506,0.154276247
0,0.142466164,3.970510131,2.09646263,0.048655724,0.154351557
0,0.147314448,4.099585594,1.752266724,0.044688844,0.146655726
0,0.140765183,3.940106662,1.696128246,0.046771933,0.136339257
0,0.146182033,4.098337931,1.602845309,0.037783035,0.136448773
0,0.141183814,3.958092912,1.586400855,0.042653959,0.126299919
0,0.144376077,4.086091667,1.651535376,0.044358335,0.139038901
0,0.142830998,4.034167473,1.77855195,0.047208131,0.134688535
0,0.142258145,4.037512184,2.140133528,0.040881956,0.126675403
0,0.144868485,3.883237895,2.297180236,0.051054832,0.12792271
0,0.153709544,4.00317491,2.801009277,0.045202357,0.137490203
0,0.157609483,3.958260684,2.943941063,0.051144716,0.137879254
0,0.152518049,3.925188701,2.599229903,0.041856972,0.155366217
0,0.150189392,3.897587965,2.582131012,0.045622836,0.155829535
0,0.144109303,4.07988135,1.734285683,0.032656626,0.129659186
0,0.137653853,3.860011505,1.792696446,0.040581785,0.142926398
0,0.145848407,4.058264793,1.606402237,0.038160684,0.147554025
0,0.140199693,4.054196428,1.634081746,0.0428134,0.151991976
5,0.201767926,3.519667966,2.264377728,0.099031506,0.080999148
5,0.196995462,3.573361706,2.273091645,0.104896618,0.08109366
5,0.204345959,3.41987255,1.991711303,0.096280092,0.076696756
5,0.199216029,3.627789499,2.01455821,0.096367247,0.072396533
5,0.198008675,3.521616965,3.006115971,0.075433348,0.075601616
5,0.198227706,3.457423299,3.140738434,0.082270218,0.075544496
5,0.219552839,3.382766034,3.960580314,0.060667584,0.078157911
5,0.225215011,3.341403877,4.132410896,0.074525002,0.078366548
5,0.196091744,3.450864715,2.785415319,0.078829893,0.08245161
5,0.192359604,3.36699775,2.756859861,0.074115637,0.07549559
5,0.215798743,3.652884883,2.092609321,0.069184947,0.074341561
5,0.207438816,3.546871076,2.09792989,0.074808661,0.079107493
5,0.209002617,3.437856299,2.354031704,0.07057221,0.074071926
5,0.208600724,3.587919018,2.487667167,0.069598556,0.073556177
5,0.214766868,3.608623282,3.179367559,0.071355635,0.082877121
5,0.213142745,3.588036134,3.274038071,0.06713333,0.073724135
5,0.23435612,3.586208514,4.215981197,0.067301558,0.080212677
5,0.245795994,3.592485017,4.364452101,0.071555289,0.074847417
5,0.206476804,3.383882583,3.555119473,0.087168271,0.081668219
5,0.210373648,3.447375989,3.491570546,0.086875696,0.090601042
5,0.19398445,3.346209393,2.828942346,0.071697097,0.074119167
5,0.20118791,3.665211776,2.782235792,0.079893432,0.078008697
5,0.21520104,3.567354445,2.298775512,0.07558493,0.070208347
5,0.206167968,3.613745291,2.281690377,0.079639427,0.075943497
5,0.217687208,3.506785798,2.08269398,0.071897111,0.079855709
5,0.208983631,3.617321331,2.084898708,0.078773658,0.079365538
5,0.211299462,3.528414255,2.408249175,0.066980224,0.069157562
5,0.210780753,3.592139249,2.496713923,0.072255207,0.068114044
5,0.206652716,3.503374931,3.092718882,0.065234537,0.06577362
5,0.207858479,3.504010841,3.231235419,0.07069876,0.071222243
5,0.222970636,3.515638605,4.147881531,0.067063296,0.078422739
5,0.231721407,3.471695151,4.252005765,0.06931508,0.079281302
5,0.207622084,3.380001278,3.596807114,0.081301568,0.084318439
5,0.207373985,3.426745742,3.479073394,0.088149594,0.081184783
5,0.200488731,3.504695024,2.842569931,0.079152427,0.084266408
5,0.197658693,3.621911752,2.852047095,0.083499394,0.085300093
5,0.20797684,3.459626535,2.29192665,0.078950638,0.077485366
5,0.199210436,3.496482403,2.231815535,0.071436091,0.077785735
5,0.212781493,3.618618475,2.084860207,0.07188895,0.072898863
5,0.212272306,3.579557513,2.122912494,0.078099121,0.075819355
5,0.205666143,3.444784057,2.353847515,0.06315917,0.071740525
5,0.208128671,3.562233785,2.464968218,0.064898906,0.073683276
5,0.19881135,3.447290874,3.021446234,0.069576203,0.069896944
5,0.207957743,3.506843801,3.25891432,0.069060131,0.067133732
5,0.215832165,3.369393135,4.03494122,0.065746016,0.070800127
5,0.224775165,3.42561911,4.173898599,0.072783268,0.080484537
5,0.201015022,3.269714222,3.589447233,0.086609445,0.088297505
5,0.204245272,3.285743327,3.543146237,0.085398072,0.077889331
5,0.198943015,3.505965534,2.837325565,0.079721492,0.080615612
5,0.196705108,3.51156526,2.837046871,0.076316025,0.084177855
5,0.20691338,3.516424284,2.279488751,0.075291601,0.075453894
5,0.201428479,3.594154312,2.304712491,0.075795722,0.07609743
5,0.211659355,3.403057944,2.054341988,0.070195963,0.070564119
5,0.211769987,3.607147522,2.117451572,0.070995384,0.06674314
5,0.219467815,3.568548612,2.430012876,0.069650751,0.064130202
5,0.212451457,3.763811935,2.516154915,0.068968268,0.073988853
5,0.20004538,3.491455611,3.08041725,0.068946302,0.073828474
5,0.213317924,3.723967946,3.277530566,0.064818391,0.077130728
5,0.220893656,3.454722613,4.082470599,0.074971833,0.066703111
5,0.217783865,3.312813224,4.197456526,0.07116916,0.074451111
0,0.137019242,3.897089087,1.846767438,0.07198328,0.164952872
0,0.133034455,3.918047434,1.820850631,0.077580638,0.159011175
0,0.142143496,3.901408855,1.63159213,0.069800249,0.159378357
0,0.137329734,3.849115669,1.655210673,0.077871888,0.160600904
0,0.144736571,3.980345884,1.635002954,0.069998452,0.165046184
0,0.137833846,3.898040808,1.582822782,0.073228232,0.165057868
0,0.140237771,3.804156812,1.623446916,0.064691166,0.170781242
0,0.140744137,3.875017445,1.622528515,0.067364424,0.160525515
0,0.13415499,3.827042205,1.813304267,0.057453572,0.170022292
0,0.133552036,3.868131396,1.816525187,0.057713075,0.163850539
0,0.144507359,3.944082642,2.160725823,0.052124608,0.170695677
0,0.136597104,3.967878055,2.102534065,0.052479602,0.151213885
0,0.14530179,3.824594463,2.260907444,0.059217341,0.205758286
0,0.144463555,3.830712795,2.168984109,0.06157906,0.196506385
0,0.151153178,3.904855043,1.808775534,0.058411173,0.191544839
0,0.147480927,3.822311545,1.780805902,0.061797489,0.19660048
0,0.15720132,3.87711432,1.715737731,0.055397489,0.197138497
0,0.148420717,3.781334734,1.673527629,0.056074166,0.191449158
0,0.150956727,3.848607027,1.741624796,0.051286791,0.194918966
0,0.147650742,3.942680295,1.751892456,0.052223669,0.200392686
0,0.148628795,3.813159646,1.959270208,0.047083608,0.194691042
0,0.144647492,3.753369816,1.955769278,0.047150181,0.19550729
0,0.154817125,3.929855938,2.279887617,0.041052126,0.204687828
0,0.147444217,3.934676876,2.305490224,0.04705436,0.201311967
0,0.14526334,3.971068433,2.61684099,0.067078558,0.201470753
0,0.143844494,4.015678321,2.653328623,0.07664944,0.209707363
0,0.147233895,3.96007841,2.301487265,0.068531318,0.204892957
0,0.141851638,3.943100061,2.29786238,0.071606097,0.200920316
0,0.153102435,3.917318306,1.966965925,0.063192675,0.20150749
0,0.151244311,3.867032571,2.035129248,0.067803677,0.203816776
0,0.150550645,4.026917461,2.334726995,0.053450262,0.205956231
0,0.145238883,3.988667357,2.31880847,0.061889246,0.204182569
0,0.159642781,4.079129112,2.678872422,0.048499771,0.199600219
0,0.149269357,4.116802996,2.656280146,0.050258065,0.198051133
0,0.152500624,3.957758149,2.671498259,0.056507278,0.173066207
0,0.147670144,3.881885832,2.591144553,0.062881085,0.184493688
0,0.162281485,3.934707986,2.078871579,0.061252298,0.186102903
0,0.151994313,3.860907593,2.062492628,0.062857977,0.18230846
0,0.155899019,4.021412831,1.956694825,0.052683401,0.180192259
0,0.153330631,3.823270945,1.967136159,0.057834329,0.180155402
0,0.164598639,3.960264468,1.965655248,0.05782389,0.186604386
0,0.155586877,3.93268879,1.893531439,0.06161122,0.184322394
0,0.153707953,3.939890129,2.222858432,0.049426674,0.188477812
0,0.148253821,3.978052519,2.311071111,0.05695853,0.192419839
0,0.164933002,4.041140137,2.665792259,0.044534819,0.175721263
0,0.155631432,4.034566744,2.706209177,0.048908607,0.183937149
0,0.15432897,3.859898877,2.761398519,0.055024906,0.183367153
0,0.14803019,3.921163311,2.615333026,0.062112016,0.184234656
0,0.152093807,3.925462791,2.367183857,0.059120906,0.187153557
0,0.148577583,3.87058938,2.353808541,0.065905866,0.187928732
0,0.162031345,3.973446523,2.139709596,0.054688283,0.186205693
0,0.155205998,3.908996698,2.084357198,0.060851266,0.183279466
0,0.166632726,3.963286675,2.008052274,0.057824282,0.191904923
0,0.158839437,3.895528127,1.937002738,0.059417377,0.186409443
0,0.156559631,3.974305749,1.975953151,0.051857056,0.182706235
0,0.154305208,3.803868806,1.990607433,0.054037069,0.189046159
0,0.153117262,3.987866657,2.323712601,0.049465999,0.192900756
0,0.150715972,3.865471189,2.376361188,0.054627993,0.197593826
0,0.167304852,3.976767415,2.779255343,0.051099428,0.187899246
0,0.155368724,4.000283021,2.760009891,0.04769174,0.188593405
5,0.170226015,3.647552098,3.171274995,0.080830424,0.050280063
5,0.162708057,3.565130819,2.990434024,0.087545867,0.051763297
5,0.166197774,3.609666897,2.632490726,0.06978382,0.038413416
5,0.161173504,3.521685969,2.51029296,0.07864355,0.040071685
5,0.178590744,3.695807723,2.219192931,0.0645678,0.044140529
5,0.171648242,3.649350532,2.159608187,0.079105529,0.051763275
5,0.186530645,3.599295518,2.065501176,0.066763641,0.047179467
5,0.178523516,3.653474404,2.006427126,0.075116875,0.050938495
5,0.16846515,3.625417123,2.2198645,0.059461509,0.050179534
5,0.163766996,3.589572677,2.299170463,0.073520952,0.050721368
5,0.167739066,3.647477765,2.65770059,0.065757461,0.062033098
5,0.157177672,3.76509525,2.691204423,0.068612408,0.059117441
5,0.181766556,3.773235625,3.26474642,0.049032637,0.053275194
5,0.173311623,3.725451451,3.249369704,0.071158133,0.04611648
5,0.169156786,3.573330914,3.174531434,0.07790227,0.045806853
5,0.160990039,3.607147823,3.016567202,0.080155027,0.047036991
5,0.164574524,3.604140203,2.641947197,0.075733455,0.049897916
5,0.165202337,3.712679448,2.525547232,0.08035488,0.051653738
5,0.181970342,3.63660577,2.203466173,0.074664913,0.04284098
5,0.167524767,3.650376998,2.081327721,0.083089141,0.047879455
5,0.182857368,3.642495521,2.026586752,0.069405364,0.046391935
5,0.177545666,3.615964834,1.978888022,0.079146442,0.042033649
5,0.165879726,3.660556393,2.174095564,0.06410324,0.046943212
5,0.16679562,3.53441696,2.268176732,0.08202001,0.047175345
5,0.162114379,3.683850791,2.624422923,0.068008804,0.04745196
5,0.158780945,3.711186938,2.750327583,0.078846401,0.046322069
5,0.185738856,3.672034663,3.245011234,0.072724525,0.049803049
5,0.173929102,3.693615555,3.254080655,0.082010657,0.049820568
5,0.170229752,3.69489419,3.220761821,0.065975199,0.042661393
5,0.158130779,3.626684353,3.022960578,0.071400571,0.059752515
5,0.155410396,3.769527319,2.540158135,0.045236427,0.053796695
5,0.148793511,3.826295237,2.397514753,0.061958876,0.064789213
5,0.169508057,3.786449625,2.178521855,0.055807922,0.04719967
5,0.161796254,3.719645705,2.057930932,0.065751198,0.050988478
5,0.177870759,3.659486976,1.891995532,0.052482343,0.040176697
5,0.166457832,3.680896383,1.891707177,0.066001428,0.044900062
5,0.163383781,3.718272505,2.748774505,0.053278485,0.052772091
5,0.154431927,3.790036306,2.716039298,0.061195637,0.051260826
5,0.185937131,3.866838995,3.504933503,0.056257667,0.046568046
5,0.177731782,3.736845253,3.560231669,0.064822023,0.050618055
5,0.172074771,3.559184847,3.148755219,0.062509133,0.052303402
5,0.159424435,3.609459796,2.960557425,0.064133092,0.049159927
5,0.163130683,3.68448243,2.677844432,0.052412961,0.045212478
5,0.15820644,3.657577521,2.512716915,0.063122281,0.045366165
5,0.179518007,3.680253721,2.307359834,0.058227824,0.045930897
5,0.171236223,3.657289864,2.284985006,0.067828925,0.040569142
5,0.180066516,3.790658299,2.078606776,0.051426862,0.048818234
5,0.172382475,3.681376124,1.978087121,0.060919898,0.053280783
5,0.166393178,3.675181488,2.208664586,0.055707397,0.060270206
5,0.15905392,3.738134359,2.291638501,0.062113031,0.056031939
5,0.163226787,3.69177198,2.734007999,0.051946229,0.064361727
5,0.158416646,3.644640518,2.796411106,0.060654255,0.061329139
5,0.181056442,3.696582711,3.297757846,0.050629429,0.055112301
5,0.171019585,3.675038394,3.39885729,0.069711323,0.069312457
5,0.179115559,3.866495781,3.282001457,0.056224553,0.04458601
5,0.173813153,3.800477229,3.448391538,0.057046897,0.048922778
5,0.16557787,3.658247789,3.091568237,0.064159987,0.053239166
5,0.159768032,3.702693003,2.957954429,0.062883853,0.046330805
5,0.169737101,3.669301808,2.103629948,0.057076695,0.042267432
5,0.164311522,3.677719998,2.027164126,0.063680893,0.04691867
10,0.296317808,3.063415285,4.060926688,0.031184751,0.405233525
10,0.28927577,2.981672157,3.983163906,0.036054876,0.431933017
10,0.28568301,3.014625896,3.402401291,0.044578895,0.364057214
10,0.285004412,3.051490012,3.013383999,0.044297966,0.334378107
10,0.294236762,3.156798166,2.840253848,0.03944674,0.363497041
10,0.285480228,3.034514635,2.721214919,0.048516759,0.365215626
10,0.29736291,3.158237271,2.677370574,0.047941883,0.365109685
10,0.291148615,3.143648389,2.406609917,0.057043146,0.342165406
10,0.282039405,3.143038146,3.008270115,0.054319915,0.412782327
10,0.277509905,3.079337071,2.898530797,0.067264565,0.38637581
10,0.280250354,3.223113408,3.619662766,0.071680074,0.4162214
10,0.273157189,3.143122578,3.580874498,0.080640707,0.37891358
10,0.291743991,3.281712009,4.140038167,0.07614925,0.340587797
10,0.282901723,3.220978968,4.310574951,0.077952577,0.32844864
10,0.298848394,3.03148434,4.23274267,0.047841785,0.423306072
10,0.291003357,2.911680023,3.73579716,0.052631233,0.369947384
10,0.283497648,2.98020778,3.587813231,0.048397643,0.389973672
10,0.283100641,2.993903499,3.216666863,0.054276346,0.372153583
10,0.295772645,3.061819981,2.987824382,0.040622178,0.380018838
10,0.288277439,3.044549564,2.910925993,0.055749465,0.395759494
10,0.290673889,3.107827084,2.95270142,0.053483645,0.388784805
10,0.286456156,3.079251694,2.771868233,0.069150782,0.39605414
10,0.283197045,3.067432144,2.985021165,0.056865135,0.366402333
10,0.279282827,3.017560316,3.020049077,0.078657622,0.383267477
10,0.282776962,3.153642326,3.825684241,0.067855917,0.467342764
10,0.274824224,3.084373138,3.743486156,0.092921518,0.438862638
10,0.292576767,3.221718976,4.249575396,0.079655085,0.355639263
10,0.285061985,3.120317887,4.378992142,0.092581583,0.35978852
10,0.291370216,2.972038698,3.967422311,0.041979461,0.367342713
10,0.286321904,2.948241212,3.763978817,0.050584425,0.369685902
10,0.285462234,3.00931379,3.443497949,0.042479874,0.391105087
10,0.280466541,2.982730932,3.14369977,0.052086428,0.342804517
10,0.294542954,3.062311279,2.732740542,0.042549218,0.320910239
10,0.282188118,3.070285491,2.665927906,0.057173168,0.319791978
10,0.29579063,3.151299122,2.782059337,0.050414343,0.363398191
10,0.287548132,3.071231493,2.780874219,0.068312021,0.386325926
10,0.279745824,3.100895667,3.197921544,0.060802452,0.42531947
10,0.27922605,3.098012151,3.105630207,0.080151106,0.393571091
10,0.278319488,3.136838265,3.563956622,0.07289917,0.387349786
10,0.276624431,3.126693066,3.702018067,0.081778021,0.370055518
10,0.291689022,3.235531888,4.499304515,0.079385362,0.423041822
10,0.285572404,3.193550235,4.613508055,0.101288792,0.409786287
10,0.291395169,2.955452897,3.792736967,0.03503043,0.340277062
10,0.283408645,2.880264574,3.779583732,0.047986668,0.350532724
10,0.287668437,2.986160152,3.348335191,0.045959912,0.382663253
10,0.281801406,2.905127051,3.181615172,0.050703668,0.345223439
10,0.296707376,3.075722391,2.796200353,0.046299439,0.346271221
10,0.289524573,3.042699583,2.656700069,0.055934195,0.339603471
10,0.291802812,3.103643061,2.976110592,0.054186994,0.44054417
10,0.284301333,3.116550347,2.802711805,0.07296542,0.402885774
10,0.284619501,3.08553987,2.836152114,0.055462097,0.350224612
10,0.282497902,3.141176264,2.902423089,0.071989258,0.354120468
10,0.278179253,3.137229286,3.520458362,0.072397438,0.362321446
10,0.27906116,3.083482913,3.601150085,0.089037521,0.342152787
10,0.285372375,3.213983981,4.347941781,0.078541141,0.388938165
10,0.282798096,3.14393701,4.442691046,0.081314312,0.361455403
10,0.292587641,2.97923306,3.795380719,0.036611237,0.35249753
10,0.285546175,2.892094591,3.836088125,0.03996662,0.400180572
10,0.281405633,2.923415738,3.219712891,0.041253346,0.346947441
10,0.279823349,2.991250249,3.162445844,0.060160654,0.369579308
5,0.847597534,3.54522992,7.294400191,0.047132527,0.046884984
5,0.845445374,3.543259121,7.543088344,0.045807947,0.05661272
5,0.851941716,3.444097589,5.467076473,0.051829535,0.036857151
5,0.845466436,3.544550039,5.497989407,0.058911141,0.033793566
5,0.856745443,3.574218742,4.633199625,0.062057399,0.037019525
5,0.858391698,3.677421458,4.270670421,0.065523255,0.028225563
5,0.825131468,3.505529292,5.50305575,0.067792972,0.038633571
5,0.825322643,3.596470418,5.833158689,0.062830686,0.037790232
5,0.802170123,3.441496525,7.690764349,0.066191052,0.04273124
5,0.820392376,3.536572019,8.203292337,0.061270651,0.042844941
5,0.844265372,3.438037387,10.24656078,0.067975591,0.055904061
5,0.870020346,3.439627442,10.97631886,0.075681634,0.0665601
5,0.728198194,3.638387319,8.585989213,0.057463928,0.082635256
5,0.732861273,3.713843734,8.6438909,0.046784219,0.064583465
5,0.715161231,3.724895163,6.409016074,0.046200832,0.052021234
5,0.71149006,3.783962232,6.750574208,0.046497958,0.063031971
5,0.754277633,3.672097061,5.101862745,0.053062219,0.062073296
5,0.756461898,3.661958535,5.301155264,0.045593437,0.059492686
5,0.774679765,3.619361007,4.250661354,0.05948075,0.048886279
5,0.763627809,3.670848158,4.102983543,0.057633712,0.055014042
5,0.727990611,3.625071295,5.235612496,0.068314534,0.060028255
5,0.739201047,3.653846226,5.467788198,0.052980343,0.05298055
5,0.711407175,3.642328842,7.068315952,0.070145628,0.057006708
5,0.722085818,3.607862792,7.746363598,0.059151977,0.062932901
5,0.75371917,3.482701407,9.544819287,0.064393697,0.063094862
5,0.764224975,3.463502302,10.17387594,0.080203802,0.068834294
5,0.694912605,3.578055428,8.280953016,0.05589217,0.094174762
5,0.702289343,3.560640972,8.584689667,0.04961404,0.073656417
5,0.690251774,3.630606719,6.519776368,0.055068944,0.069935611
5,0.687752657,3.649237402,6.683146712,0.054488948,0.061186449
5,0.723671879,3.518220206,4.863149455,0.054032721,0.067526664
5,0.730313922,3.639964028,5.099860463,0.052048368,0.060063243
5,0.737846993,3.554022257,4.082688257,0.062575322,0.05473547
5,0.735413056,3.617290427,4.132350439,0.054876434,0.054578271
5,0.692918947,3.585260151,5.128453385,0.065932086,0.056869191
5,0.699340381,3.673035849,5.243559824,0.073184968,0.051605648
5,0.696218523,3.625464045,7.249511832,0.080145363,0.059963441
5,0.709064687,3.625436172,7.526302571,0.069281434,0.064466072
5,0.763864299,3.42900581,9.933000057,0.08827308,0.062141175
5,0.773675469,3.47497398,10.25610257,0.081206238,0.057400381
5,0.680484493,3.581099519,8.404939393,0.055815811,0.086724909
5,0.689053716,3.64342167,8.396851484,0.063957703,0.089754517
5,0.676203289,3.639009267,6.556506551,0.051214836,0.060137851
5,0.677791927,3.688245041,6.802046035,0.062772279,0.063786597
5,0.714849305,3.476769445,4.911754497,0.057406338,0.057847951
5,0.714713466,3.542068814,5.06285495,0.069372856,0.058575511
5,0.746397275,3.513823263,4.363216855,0.06641843,0.052133285
5,0.752750474,3.568436264,4.195998809,0.051652208,0.05101033
5,0.711856682,3.575571556,5.257040948,0.062090046,0.05668011
5,0.725150395,3.577992074,5.584019516,0.064259677,0.055179229
5,0.692183067,3.583662115,7.311842454,0.07338309,0.055875712
5,0.70460559,3.642567311,7.68121451,0.075397575,0.058226168
5,0.673479813,3.539085396,8.544904585,0.064518009,0.083981487
5,0.693202727,3.470442374,8.875769647,0.055450362,0.068335471
5,0.649172023,3.664707441,6.413385172,0.046630065,0.067470711
5,0.672486329,3.642916184,6.848483315,0.058275233,0.057860385
5,0.697253645,3.529775916,4.946189775,0.059027616,0.058905868
5,0.706677399,3.542443489,5.038188674,0.061539071,0.062248337
5,0.711004129,3.458044482,4.21777473,0.068133194,0.054663787
5,0.716545363,3.528590879,4.076609206,0.070819683,0.049609011
10,1.018271975,3.180946793,11.41450435,0.243233211,0.197646266
10,1.032745916,3.220240709,11.68025346,0.302676323,0.215439802
10,1.051520639,3.263400886,8.474104281,0.301147379,0.18554275
10,1.073160659,3.149543988,8.815623836,0.385819693,0.193828793
10,1.064043411,3.155039379,6.496437894,0.37272651,0.154797821
10,1.114000336,3.1792322,6.668396329,0.444087865,0.146194103
10,1.041566149,3.170280279,8.053085126,0.433556456,0.13053262
10,1.094028234,3.133999789,9.214045411,0.488786732,0.123154161
10,1.035023034,3.156748296,12.20085769,0.477328195,0.137954377
10,1.06060759,3.219817199,13.46927051,0.527298973,0.128747094
10,1.077094102,3.212634271,16.82517282,0.461571631,0.137287925
10,1.110830188,3.26562602,17.80506167,0.491387475,0.113994384
10,1.003291721,3.258638844,14.49046203,0.202022994,0.213497663
10,1.015809459,3.247262814,14.52138073,0.253103146,0.219429826
10,0.957456275,3.230594142,11.15007872,0.255848021,0.188689928
10,0.987379391,3.199892027,11.37573348,0.309322254,0.179681062
10,0.986206588,3.192802961,6.330555773,0.399427923,0.134898993
10,1.028695998,3.212197154,6.636823583,0.464593663,0.124560278
10,0.99478435,3.191462707,8.116942475,0.426164375,0.120657711
10,1.032587155,3.17618886,9.009933147,0.505502781,0.111732427
10,0.973350905,3.162524883,11.92487259,0.494382475,0.128770894
10,1.001767424,3.189301719,13.16786519,0.530701935,0.142862184
10,1.028843906,3.217032063,16.18112427,0.486742326,0.136015528
10,1.038686538,3.195576308,17.64649023,0.486846402,0.143126039
10,0.983003388,3.211361232,14.46926559,0.156325432,0.20767966
10,1.002470987,3.172583628,14.66454046,0.255524542,0.219904607
10,0.951594828,3.222671447,11.27514168,0.243325666,0.184530978
10,0.982181631,3.255311513,12.10773446,0.31336525,0.18828183
10,0.990366787,3.220261685,8.14827546,0.317522795,0.148819529
10,1.028540951,3.208393505,8.642061051,0.392641003,0.144029779
10,1.013101402,3.21722784,6.573466574,0.405301375,0.147495346
10,1.045287404,3.175920543,6.775028031,0.478891607,0.139752927
10,0.974874573,3.143446449,8.267357046,0.477692833,0.138237245
10,1.012865903,3.204530059,9.224254298,0.527477407,0.131892051
10,0.952775514,3.142667327,11.97589918,0.493743712,0.150654044
10,0.975723985,3.214212957,13.19859233,0.540250413,0.159177216
10,1.009575235,3.166167291,16.59644487,0.543998951,0.145687478
10,1.02299414,3.251117188,18.05220372,0.546951513,0.147913779
10,1.010209154,3.203617455,14.84202804,0.194996798,0.19528365
10,1.032532793,3.214887395,15.42230678,0.300334166,0.206632559
10,0.974347599,3.186460977,11.44012867,0.231797826,0.163987544
10,1.000368179,3.230769791,12.02638896,0.320631242,0.17098559
10,1.02944635,3.19002433,8.717886468,0.319854108,0.141290537
10,1.051217085,3.188716908,9.09655886,0.382002002,0.134199931
10,1.026217693,3.179508174,6.674301659,0.383690959,0.139478773
10,1.046924714,3.158793079,7.004957353,0.459995699,0.127128916
10,0.992143454,3.145128861,8.507635919,0.46448176,0.143498735
10,1.041790375,3.168588062,9.499637239,0.517847984,0.124761596
10,0.964971129,3.149678514,12.09134172,0.520241833,0.14873081
10,0.996426598,3.164009613,13.59413676,0.541541926,0.151399614
10,0.974647557,3.219370636,11.69389397,0.220411227,0.180973755
10,1.013134956,3.166255311,12.24472666,0.282480955,0.174510425
10,1.024834873,3.170666111,6.646919061,0.366261917,0.130130804
10,1.065721169,3.16469118,7.174074346,0.456013156,0.119828079
10,0.990189723,3.104213188,8.218077537,0.445665227,0.136333986
10,1.034719146,3.126210136,9.370791781,0.523285497,0.112313989
10,0.980341136,3.11175126,12.17574412,0.495334222,0.11351807
10,1.014419358,3.14345135,14.13313299,0.527364667,0.109266952
10,1.019648887,3.194660195,16.57719489,0.457603125,0.136698531
10,1.030171428,3.192322986,18.13185416,0.507554153,0.119925354
0,0.23567223,3.549254591,4.969555416,0.18131225,0.11443783
0,0.243795558,3.567913356,5.25331356,0.21395939,0.119303111
0,0.210349464,3.413083429,3.919997135,0.200608058,0.128022999
0,0.212830175,3.41591803,4.099746459,0.238770086,0.106708758
0,0.229921655,3.444617157,3.142327325,0.201516445,0.123296135
0,0.232433646,3.375061512,3.365272404,0.246084085,0.117550061
0,0.246765272,3.426576491,2.970653766,0.2215379,0.119089836
0,0.244613505,3.372443061,3.083696176,0.251803079,0.115060565
0,0.225138407,3.440929375,3.217580406,0.226778986,0.11412857
0,0.233335945,3.313058117,3.554505617,0.251061558,0.114911281
0,0.215528072,3.311409069,4.241298894,0.235056514,0.111627807
0,0.226178934,3.345666536,4.723515895,0.254578753,0.109156408
0,0.242188224,3.3305697,5.67658712,0.243821477,0.117867052
0,0.263918378,3.387224985,6.250767082,0.264597217,0.109367451
0,0.238331175,3.488364435,5.150210184,0.165858383,0.110106959
0,0.249276986,3.478119584,5.528565473,0.195850402,0.138205876
0,0.21875675,3.452301445,4.022120837,0.18155764,0.118045309
0,0.213319231,3.458793799,4.172933089,0.190458047,0.110386592
0,0.243067739,3.269768928,3.218387991,0.206027242,0.107004976
0,0.230037944,3.34699822,3.364793432,0.21989024,0.098830735
0,0.251432866,3.335044832,3.085123662,0.222990177,0.127385759
0,0.248139243,3.358014412,3.200144096,0.245990277,0.119187025
0,0.225909205,3.390678592,3.231605596,0.21107475,0.110560996
0,0.225224083,3.433112855,3.547843785,0.223061252,0.11718234
0,0.214652821,3.252958467,4.410536531,0.229915656,0.110526832
0,0.228554894,3.344857726,4.864857263,0.239783781,0.101549179
0,0.247433424,3.315818426,5.807449146,0.233972488,0.114182274
0,0.264761961,3.364179088,6.404616135,0.247557182,0.133115307
0,0.234349277,3.510894763,5.164999918,0.138163209,0.114258758
0,0.254622666,3.432087286,5.553166232,0.176981746,0.125073477
0,0.211031483,3.397600349,3.998097599,0.151390924,0.109285028
0,0.212123464,3.400190246,4.211566365,0.185403007,0.093208813
0,0.241887982,3.284281787,3.227290175,0.187437566,0.110103256
0,0.238790589,3.261015497,3.574293524,0.220080328,0.105194489
0,0.24726127,3.277771383,2.999984351,0.185438671,0.101109879
0,0.251832485,3.255057301,3.172989396,0.212223501,0.115908656
0,0.230196885,3.231775236,3.292036287,0.192102729,0.112652224
0,0.234059494,3.452183198,3.613526035,0.202315606,0.108138404
0,0.217322775,3.32287164,4.204940458,0.202901444,0.110778987
0,0.23014785,3.321803943,4.920950528,0.207252075,0.097808884
0,0.243608833,3.380021279,5.883470892,0.197118374,0.109124611
0,0.257827519,3.369634111,6.230677619,0.209175272,0.112814157
0,0.216275048,3.288742002,4.051361874,0.170883997,0.115044648
0,0.219189583,3.390471998,4.259205645,0.205891321,0.124223174
0,0.237972338,3.342731359,3.24938859,0.173954134,0.091153523
0,0.238748386,3.29715789,3.475737586,0.216353607,0.112430376
0,0.255052649,3.269065237,3.068665387,0.193760025,0.110301449
0,0.241164333,3.398454267,3.181512032,0.205347717,0.100282853
0,0.227747658,3.304491092,3.298444184,0.200942344,0.097403262
0,0.23058811,3.382144287,3.680046598,0.225377316,0.100182091
0,0.216557173,3.29205222,4.38982137,0.221901159,0.111552455
0,0.230788562,3.309376383,4.925200926,0.238080374,0.123441052
0,0.234115504,3.466042402,5.306302208,0.13626086,0.126556837
0,0.249117153,3.556475744,5.648034207,0.167442297,0.101284479
0,0.237940124,3.379379526,3.35943796,0.180273486,0.106174383
0,0.245800921,3.366554143,3.560872808,0.209493479,0.135974085
0,0.221130674,3.311570341,4.245100844,0.174262253,0.119823186
0,0.225089168,3.353312207,4.531817083,0.197671607,0.104825301
0,0.255220685,3.295579294,3.1567063,0.212568165,0.106914375
0,0.248682612,3.36970867,3.287890793,0.236136572,0.100999992
